{
  "config": {
    "num_folds": 3,
    "epochs": 30,
    "batch_size": 8,
    "lr": 0.001,
    "weight_decay": 0.0005,
    "temperature": 0.03,
    "temperature_sup": 0.03,
    "lambda_contrastive": 0.7,
    "label_smoothing": 0.1,
    "embedding_dim": 128,
    "pred_hidden": 64,
    "sup_dim": 64,
    "patience": 10,
    "log_every": 10,
    "speech_hidden_dim": 1024,
    "text_hidden_dim": 768
  },
  "fold_results": [
    {
      "segment_level": {
        "accuracy": 57.14285714285714,
        "recall": 100.0,
        "specificity": 0.0,
        "precision": 57.14285714285714,
        "f1": 72.72727272727273,
        "mcc": 0.0,
        "auc": 74.43664965986395
      },
      "majority_voting": {
        "accuracy": 57.14285714285714,
        "recall": 100.0,
        "specificity": 0.0,
        "precision": 57.14285714285714,
        "f1": 72.72727272727273,
        "mcc": 0.0,
        "auc": 50.0
      },
      "sequence_aggregator": {
        "accuracy": 57.14285714285714,
        "recall": 100.0,
        "specificity": 0.0,
        "precision": 57.14285714285714,
        "f1": 72.72727272727273,
        "mcc": 0.0,
        "auc": 75.0
      }
    },
    {
      "segment_level": {
        "accuracy": 85.71428571428571,
        "recall": 0.0,
        "specificity": 100.0,
        "precision": 0.0,
        "f1": 0.0,
        "mcc": 0.0,
        "auc": 63.88180272108844
      },
      "majority_voting": {
        "accuracy": 85.71428571428571,
        "recall": 0.0,
        "specificity": 100.0,
        "precision": 0.0,
        "f1": 0.0,
        "mcc": 0.0,
        "auc": 50.0
      },
      "sequence_aggregator": {
        "accuracy": 14.285714285714285,
        "recall": 100.0,
        "specificity": 0.0,
        "precision": 14.285714285714285,
        "f1": 25.0,
        "mcc": 0.0,
        "auc": 66.66666666666667
      }
    },
    {
      "segment_level": {
        "accuracy": 50.0,
        "recall": 0.0,
        "specificity": 100.0,
        "precision": 0.0,
        "f1": 0.0,
        "mcc": 0.0,
        "auc": 66.66666666666667
      },
      "majority_voting": {
        "accuracy": 50.0,
        "recall": 0.0,
        "specificity": 100.0,
        "precision": 0.0,
        "f1": 0.0,
        "mcc": 0.0,
        "auc": 50.0
      },
      "sequence_aggregator": {
        "accuracy": 50.0,
        "recall": 0.0,
        "specificity": 100.0,
        "precision": 0.0,
        "f1": 0.0,
        "mcc": 0.0,
        "auc": 66.66666666666667
      }
    }
  ],
  "num_folds_completed": 3
}